Temperature,Humidity,SoilMoisture,Rain,Light,Crop,Watering,Fertilizer
29,62,70,No,13137,Tomato,Yes,DAP
31,52,65,Yes,14053,Sugarcane,No,Urea
30,48,25,No,16377,Potato,Yes,Urea
22,57,19,Yes,12910,Cotton,Yes,DAP
24,84,15,No,10614,Sugarcane,No,DAP
33,58,54,No,8498,Cotton,Yes,DAP
21,77,29,Yes,12195,Rice,Yes,DAP
25,65,70,Yes,6336,Potato,Yes,DAP
21,71,16,Yes,9354,Tomato,No,Compost
29,87,31,No,7210,Maize,No,Urea
27,83,37,Yes,7025,Wheat,No,Urea
21,35,53,No,16393,Wheat,No,Compost
30,65,44,No,7807,Sugarcane,Yes,Urea
20,84,35,Yes,8177,Soybean,No,DAP
29,79,49,Yes,17311,Tomato,No,Urea
33,72,26,No,15438,Groundnut,No,DAP
27,73,16,No,14092,Groundnut,No,DAP
21,78,40,No,5381,Soybean,Yes,DAP
33,73,58,No,6841,Soybean,Yes,DAP
34,54,51,Yes,15437,Tomato,Yes,DAP
29,73,53,No,10494,Wheat,Yes,Urea
35,40,61,Yes,11796,Cotton,No,Urea
20,77,39,Yes,10525,Pulses,Yes,Urea
23,67,47,Yes,14552,Sugarcane,Yes,Urea
32,49,28,Yes,13235,Potato,No,Compost
30,90,24,No,7664,Groundnut,No,Urea
33,50,41,No,9397,Sugarcane,No,Urea
33,88,10,No,16400,Maize,No,Compost
25,86,70,Yes,5969,Potato,No,DAP
21,42,33,No,11127,Groundnut,No,DAP
27,55,17,No,10606,Tomato,No,Urea
21,63,40,No,13772,Cotton,Yes,DAP
32,45,38,No,13669,Wheat,Yes,Compost
31,40,62,No,8216,Sugarcane,Yes,Urea
34,85,22,No,6885,Pulses,Yes,Urea
27,90,18,Yes,7038,Wheat,No,Urea
28,39,48,No,13759,Wheat,Yes,DAP
25,35,26,Yes,7170,Soybean,Yes,Compost
23,53,51,Yes,11846,Wheat,No,Compost
26,78,47,Yes,5454,Cotton,No,DAP
32,47,33,No,13970,Cotton,Yes,DAP
28,85,52,No,9666,Wheat,Yes,DAP
29,59,19,Yes,7201,Maize,Yes,DAP
28,39,51,Yes,7459,Maize,Yes,DAP
24,72,41,No,16261,Sugarcane,No,Urea
20,38,49,No,5698,Rice,Yes,Urea
29,90,31,Yes,16873,Potato,Yes,Urea
21,57,29,No,8033,Rice,No,Urea
23,62,28,No,12107,Rice,No,DAP
34,82,50,No,7570,Sugarcane,No,Compost
34,45,15,No,11700,Soybean,Yes,Urea
34,42,37,No,8520,Sugarcane,No,Urea
21,52,64,No,13370,Pulses,Yes,DAP
26,40,48,Yes,6382,Pulses,Yes,DAP
30,66,16,No,10225,Tomato,No,Compost
31,62,50,No,11159,Maize,No,Urea
30,77,60,No,15941,Soybean,No,Urea
33,79,42,No,15888,Soybean,Yes,Urea
29,73,26,No,17697,Potato,Yes,Compost
34,85,49,No,15493,Pulses,No,DAP
34,55,17,Yes,11226,Pulses,Yes,DAP
26,83,54,Yes,10497,Sugarcane,No,Urea
29,61,41,Yes,17469,Wheat,Yes,DAP
28,79,54,No,11154,Sugarcane,Yes,Urea
24,36,58,No,12581,Sugarcane,No,DAP
27,71,42,Yes,6933,Groundnut,Yes,DAP
24,37,57,Yes,16998,Pulses,No,Urea
22,51,58,No,17424,Rice,Yes,Urea
24,43,68,Yes,13401,Soybean,No,Compost
31,47,14,No,10874,Sugarcane,No,DAP
20,78,64,Yes,11688,Tomato,Yes,DAP
31,66,61,Yes,5545,Groundnut,Yes,Compost
28,79,15,No,12093,Cotton,Yes,DAP
32,36,11,Yes,8981,Tomato,Yes,DAP
20,82,11,No,10034,Cotton,No,DAP
29,89,59,No,16628,Wheat,No,Urea
27,61,36,No,11614,Soybean,Yes,DAP
23,79,21,Yes,12696,Cotton,Yes,DAP
27,58,43,No,9626,Cotton,Yes,DAP
20,84,34,No,7875,Groundnut,No,DAP
21,80,39,Yes,11017,Rice,No,Urea
31,83,47,No,12130,Tomato,Yes,Urea
32,41,10,Yes,15043,Wheat,No,DAP
29,77,20,No,9510,Maize,No,Compost
26,51,22,Yes,10040,Potato,Yes,DAP
32,44,12,Yes,15046,Rice,No,DAP
26,90,17,Yes,9311,Soybean,Yes,DAP
23,70,50,No,9174,Tomato,No,DAP
32,65,38,Yes,13307,Rice,Yes,DAP
25,64,26,No,6478,Wheat,No,DAP
32,49,12,No,14212,Sugarcane,Yes,Compost
34,46,16,Yes,16232,Pulses,Yes,DAP
35,40,36,No,7817,Pulses,No,Compost
21,36,59,No,15653,Maize,Yes,Compost
26,60,56,No,7300,Groundnut,No,DAP
23,64,17,Yes,5062,Cotton,No,Compost
31,84,70,Yes,12423,Cotton,Yes,DAP
32,53,34,Yes,17416,Sugarcane,No,Urea
23,67,63,Yes,15445,Rice,No,DAP
34,86,49,Yes,8459,Pulses,Yes,Urea
22,72,12,Yes,10120,Potato,No,DAP
32,49,34,No,11988,Potato,Yes,Urea
34,63,33,Yes,17119,Maize,Yes,Urea
23,41,12,Yes,6659,Soybean,Yes,Urea
23,51,50,Yes,8956,Cotton,No,DAP
28,61,38,No,5652,Potato,Yes,DAP
33,77,42,No,17547,Pulses,No,Urea
34,39,51,No,14560,Tomato,Yes,DAP
25,82,30,Yes,7364,Tomato,No,Urea
33,66,21,Yes,9384,Rice,Yes,Urea
31,68,11,No,7526,Potato,Yes,Urea
23,64,32,No,12796,Wheat,Yes,Compost
21,74,61,Yes,12113,Soybean,Yes,Urea
32,53,60,No,5306,Rice,No,DAP
22,60,59,No,14882,Rice,Yes,DAP
27,49,58,Yes,16057,Soybean,No,Compost
31,75,32,Yes,16677,Rice,Yes,Urea
29,56,53,No,16695,Cotton,No,DAP
23,67,17,No,17253,Potato,No,DAP
32,59,70,Yes,10057,Sugarcane,Yes,Urea
23,66,27,Yes,16096,Soybean,No,Compost
20,76,65,No,13467,Groundnut,Yes,DAP
35,49,26,Yes,13887,Potato,No,DAP
33,44,50,Yes,7372,Potato,No,DAP
21,79,14,Yes,10587,Rice,No,Compost
30,38,28,No,10348,Maize,No,DAP
23,85,27,Yes,5435,Maize,No,Urea
30,39,59,No,13405,Soybean,No,Compost
34,78,33,No,15133,Cotton,Yes,DAP
30,35,41,No,5594,Maize,No,DAP
26,88,14,No,7845,Maize,Yes,DAP
34,76,48,No,16925,Tomato,No,DAP
32,53,20,No,8680,Rice,No,Compost
28,41,20,Yes,7379,Wheat,No,Compost
31,61,19,No,7238,Sugarcane,No,Urea
29,62,33,No,17869,Pulses,No,Urea
34,49,33,Yes,16219,Pulses,No,DAP
24,44,12,Yes,5673,Pulses,Yes,DAP
23,76,21,Yes,6329,Soybean,No,Urea
32,45,43,Yes,7934,Rice,No,Urea
29,90,21,Yes,9029,Wheat,Yes,Compost
23,49,57,Yes,6530,Tomato,Yes,DAP
29,53,33,No,11185,Cotton,Yes,Urea
20,40,11,Yes,10537,Rice,No,DAP
27,36,39,Yes,10994,Soybean,No,Compost
27,36,11,No,12003,Tomato,No,DAP
27,88,52,No,8930,Potato,No,Urea
26,86,34,No,15842,Groundnut,Yes,Urea
35,69,37,No,17970,Wheat,Yes,DAP
30,36,53,No,5788,Tomato,Yes,DAP
25,37,37,Yes,10293,Cotton,No,DAP
35,51,65,Yes,9176,Soybean,No,DAP
29,70,52,No,17751,Tomato,No,DAP
22,43,45,Yes,8053,Wheat,No,DAP
24,52,10,No,15837,Soybean,Yes,Compost
35,45,41,Yes,9118,Wheat,Yes,DAP
28,56,64,Yes,15415,Soybean,Yes,DAP
35,60,14,Yes,17076,Sugarcane,No,DAP
24,75,43,Yes,6294,Soybean,Yes,DAP
34,61,54,Yes,5682,Wheat,Yes,Compost
24,42,64,No,10228,Cotton,Yes,DAP
29,72,70,Yes,16444,Rice,Yes,DAP
29,35,70,Yes,13329,Cotton,No,Urea
24,45,53,Yes,8312,Pulses,No,Compost
32,84,25,No,7414,Maize,No,DAP
21,55,11,No,10225,Pulses,No,DAP
25,62,58,No,12580,Maize,Yes,DAP
21,67,10,Yes,7767,Rice,No,Urea
26,82,68,Yes,5433,Wheat,Yes,DAP
21,42,48,Yes,8071,Pulses,No,Compost
28,66,51,Yes,15000,Wheat,No,Urea
25,79,56,Yes,13579,Potato,Yes,DAP
31,40,65,Yes,5774,Groundnut,Yes,DAP
21,63,62,Yes,6254,Sugarcane,Yes,DAP
23,37,20,No,6975,Rice,Yes,Urea
31,62,24,Yes,11945,Tomato,No,Compost
24,80,22,No,12113,Sugarcane,No,Urea
30,89,68,Yes,5199,Soybean,No,Compost
22,89,65,Yes,17175,Potato,Yes,DAP
25,66,40,No,8919,Soybean,Yes,DAP
20,46,54,No,13844,Cotton,No,Compost
28,51,41,No,12493,Pulses,No,Compost
22,83,11,Yes,9499,Pulses,Yes,DAP
29,62,21,Yes,9789,Cotton,Yes,Compost
32,37,54,No,12484,Rice,No,DAP
31,72,26,No,6956,Groundnut,No,DAP
34,53,48,No,16953,Rice,Yes,DAP
26,80,49,Yes,9389,Potato,Yes,DAP
31,45,69,Yes,17755,Groundnut,No,Urea
27,49,42,No,6794,Groundnut,Yes,Urea
26,81,64,Yes,9479,Potato,No,Urea
20,83,22,No,14524,Soybean,Yes,Compost
33,56,12,No,10843,Cotton,No,DAP
27,82,30,No,8828,Groundnut,No,DAP
22,52,10,No,9597,Maize,No,DAP
28,86,22,No,7919,Cotton,No,DAP
23,60,40,Yes,7891,Rice,No,DAP
25,53,11,Yes,11412,Tomato,No,Urea
28,90,43,No,5526,Wheat,No,DAP
35,51,50,No,5729,Pulses,Yes,Compost
25,44,28,Yes,6989,Cotton,Yes,Urea
29,73,33,Yes,17471,Tomato,Yes,Urea
25,69,37,Yes,5486,Wheat,No,DAP
29,65,31,No,6366,Sugarcane,No,DAP
25,43,38,No,15504,Potato,No,Compost
21,89,29,Yes,11851,Sugarcane,Yes,Compost
30,50,40,No,8130,Pulses,Yes,DAP
34,41,62,No,16560,Cotton,No,DAP
20,76,41,No,15375,Groundnut,No,DAP
29,81,34,Yes,15951,Wheat,Yes,DAP
30,54,39,Yes,17744,Pulses,No,Compost
29,37,59,Yes,16771,Groundnut,Yes,DAP
34,75,48,Yes,12119,Soybean,Yes,Compost
28,89,19,No,11890,Sugarcane,No,DAP
21,45,10,No,6227,Rice,Yes,Compost
27,62,54,Yes,6666,Sugarcane,No,DAP
21,88,50,Yes,6843,Maize,No,Compost
20,81,69,No,14276,Groundnut,No,DAP
28,82,52,No,17430,Rice,Yes,DAP
22,51,38,No,12563,Potato,Yes,Urea
33,66,12,Yes,12704,Wheat,Yes,Compost
21,69,54,No,5421,Potato,No,DAP
35,76,65,No,10799,Sugarcane,No,DAP
33,48,33,Yes,6492,Potato,No,DAP
21,58,58,No,10148,Pulses,Yes,DAP
21,75,17,Yes,14825,Cotton,Yes,Compost
27,76,57,Yes,17331,Maize,Yes,DAP
27,76,55,Yes,11836,Potato,No,DAP
24,37,52,No,12405,Wheat,No,Compost
27,53,65,No,16061,Cotton,Yes,DAP
31,54,15,No,14119,Rice,No,Urea
34,42,44,Yes,10870,Cotton,Yes,Compost
32,43,44,No,5495,Potato,Yes,Compost
23,81,61,No,13741,Soybean,Yes,DAP
26,39,17,Yes,11859,Groundnut,No,Compost
35,77,31,No,15209,Groundnut,Yes,Compost
33,51,50,No,14916,Maize,No,Compost
20,46,34,Yes,11979,Maize,Yes,DAP
21,76,49,No,5582,Sugarcane,No,Compost
30,87,60,Yes,17868,Rice,Yes,Compost
34,67,36,Yes,14429,Wheat,Yes,DAP
20,72,64,Yes,7023,Tomato,No,DAP
26,64,20,Yes,16869,Tomato,Yes,Urea
22,88,68,Yes,10347,Wheat,No,DAP
22,59,68,No,6701,Maize,No,DAP
33,66,64,Yes,13278,Pulses,Yes,DAP
20,86,70,Yes,9985,Wheat,Yes,DAP
30,46,67,Yes,12241,Tomato,Yes,DAP
22,89,32,Yes,11472,Cotton,No,Compost
35,85,36,Yes,5307,Wheat,Yes,Urea
22,54,52,No,6481,Soybean,Yes,Urea
25,82,63,Yes,17688,Soybean,No,Urea
22,74,13,No,16484,Maize,Yes,DAP
26,71,35,Yes,8566,Pulses,No,DAP
20,70,44,No,8319,Groundnut,Yes,Urea
30,55,64,Yes,12754,Cotton,No,Compost
27,58,20,Yes,7334,Cotton,Yes,Urea
24,90,40,Yes,5345,Potato,No,DAP
27,85,43,Yes,10915,Soybean,No,DAP
27,64,66,Yes,15710,Groundnut,Yes,DAP
32,76,46,No,16929,Tomato,Yes,DAP
24,58,57,Yes,9080,Wheat,Yes,DAP
21,44,20,No,12079,Rice,No,Urea
35,85,47,Yes,6652,Soybean,No,DAP
24,80,45,Yes,5000,Sugarcane,Yes,DAP
32,55,51,No,5572,Wheat,Yes,Compost
34,43,61,No,6760,Rice,No,DAP
31,39,21,Yes,5366,Tomato,No,Urea
34,83,70,No,14468,Soybean,Yes,DAP
20,66,25,No,17215,Sugarcane,No,Urea
30,59,27,Yes,11737,Sugarcane,Yes,Compost
20,86,66,No,9390,Soybean,Yes,Compost
24,55,49,No,13465,Maize,Yes,DAP
32,72,45,Yes,8373,Maize,Yes,Compost
26,80,25,Yes,7778,Cotton,No,Urea
22,86,13,No,6225,Pulses,No,DAP
27,76,37,Yes,16679,Soybean,Yes,DAP
29,78,69,Yes,15008,Cotton,Yes,Urea
31,77,22,Yes,8048,Groundnut,No,DAP
27,83,68,Yes,15026,Sugarcane,No,Compost
35,90,29,No,10596,Pulses,Yes,Urea
25,89,66,No,10070,Sugarcane,Yes,DAP
26,46,36,No,6287,Groundnut,No,DAP
31,81,16,Yes,13878,Wheat,Yes,Urea
27,80,54,Yes,14498,Potato,Yes,DAP
26,44,23,No,10892,Rice,Yes,DAP
30,59,69,No,6564,Pulses,No,Urea
28,55,49,Yes,17847,Sugarcane,No,Urea
20,54,32,Yes,15698,Wheat,No,Urea
30,53,30,Yes,17811,Pulses,Yes,Compost
35,67,64,Yes,10309,Soybean,Yes,Compost
34,50,19,No,6894,Soybean,Yes,DAP
34,52,39,No,7281,Potato,No,DAP
29,53,31,No,5698,Tomato,No,DAP
21,89,70,Yes,17472,Tomato,Yes,Compost
24,49,47,Yes,8303,Groundnut,No,Urea
23,73,64,No,9735,Tomato,No,Compost
24,75,65,No,8743,Sugarcane,Yes,DAP
31,36,52,Yes,12563,Groundnut,No,Compost
26,84,43,No,16075,Wheat,No,DAP
33,67,19,Yes,7650,Sugarcane,Yes,Urea
34,39,69,No,12066,Maize,No,DAP
33,44,61,Yes,9191,Pulses,No,Urea
27,62,24,Yes,17635,Rice,No,DAP
26,37,14,No,5612,Tomato,Yes,DAP
27,69,55,No,16526,Sugarcane,No,Urea
26,58,61,No,17745,Groundnut,Yes,DAP
34,56,64,Yes,12648,Wheat,No,Urea
29,84,68,No,6472,Rice,No,Urea
20,53,62,No,17044,Potato,No,Urea
30,81,58,No,11061,Potato,Yes,DAP
27,41,60,Yes,13218,Pulses,Yes,Urea
23,70,58,No,7386,Sugarcane,Yes,DAP
27,90,52,Yes,13094,Maize,No,Compost
32,69,42,No,17870,Maize,No,Compost
29,44,31,Yes,6445,Maize,No,Urea
25,41,14,Yes,9870,Maize,Yes,Urea
26,68,19,Yes,6740,Rice,No,Urea
34,65,10,No,10055,Wheat,No,DAP
35,79,31,No,14469,Cotton,Yes,DAP
21,57,26,Yes,13454,Groundnut,No,Compost
34,85,19,No,13803,Sugarcane,No,DAP
26,57,67,Yes,12286,Sugarcane,No,Compost
30,82,41,Yes,15111,Potato,Yes,Urea
34,38,55,No,15355,Soybean,Yes,DAP
34,63,62,No,16320,Potato,No,DAP
28,59,24,No,5371,Pulses,Yes,Urea
35,77,48,No,12653,Groundnut,Yes,DAP
20,54,27,Yes,15389,Maize,No,DAP
33,84,57,Yes,6968,Potato,Yes,Urea
30,89,18,Yes,14071,Cotton,No,DAP
25,61,22,No,11878,Cotton,No,DAP
27,36,67,No,11840,Wheat,No,DAP
30,49,66,No,13013,Cotton,Yes,Compost
35,89,57,No,13641,Tomato,No,DAP
34,74,11,No,16875,Maize,No,DAP
24,40,54,Yes,8674,Rice,Yes,Compost
21,35,15,Yes,16169,Groundnut,Yes,DAP
24,43,63,Yes,12669,Groundnut,No,DAP
24,88,65,Yes,7292,Rice,Yes,DAP
33,42,49,Yes,12001,Sugarcane,Yes,Compost
21,75,13,No,6009,Pulses,No,DAP
31,47,59,Yes,12126,Potato,No,Compost
34,88,42,No,9150,Soybean,Yes,Urea
31,58,23,No,7139,Soybean,No,DAP
29,68,15,No,11047,Cotton,Yes,Compost
24,60,41,Yes,10452,Rice,Yes,Urea
25,58,30,No,6887,Cotton,Yes,DAP
32,53,65,No,9310,Pulses,Yes,Compost
34,54,37,No,8772,Rice,No,Compost
32,74,31,No,6700,Rice,Yes,Compost
22,63,43,No,16722,Soybean,Yes,DAP
29,78,63,Yes,14496,Soybean,Yes,DAP
31,66,61,Yes,5538,Tomato,No,Compost
30,65,56,No,5788,Cotton,Yes,Compost
25,45,50,Yes,9929,Maize,Yes,DAP
32,55,10,No,9895,Cotton,Yes,DAP
27,75,55,Yes,16663,Soybean,Yes,Urea
29,80,26,Yes,12417,Potato,Yes,DAP
33,72,14,Yes,11465,Rice,No,Compost
34,88,60,Yes,10233,Potato,No,DAP
21,35,60,Yes,14960,Soybean,No,DAP
31,66,38,No,12960,Soybean,Yes,DAP
32,36,30,Yes,8370,Soybean,Yes,DAP
31,52,16,No,11893,Soybean,Yes,Compost
20,71,16,No,8113,Potato,Yes,Urea
29,57,36,No,11477,Maize,Yes,Urea
30,40,54,Yes,8776,Rice,Yes,Compost
33,61,53,Yes,8267,Pulses,No,Compost
30,73,55,Yes,12549,Potato,No,Urea
31,76,27,No,5334,Maize,No,Compost
29,69,70,No,17101,Cotton,Yes,Compost
35,52,37,Yes,13984,Rice,No,DAP
30,87,13,Yes,9903,Potato,Yes,DAP
21,54,52,Yes,9093,Cotton,No,DAP
21,83,32,No,11218,Pulses,No,DAP
25,88,34,Yes,10330,Pulses,Yes,DAP
21,85,30,Yes,5129,Sugarcane,Yes,DAP
33,84,52,No,14833,Maize,No,Compost
31,45,27,Yes,14729,Tomato,Yes,DAP
34,85,23,Yes,13083,Tomato,Yes,Compost
30,49,46,No,8306,Sugarcane,Yes,DAP
22,44,69,Yes,6585,Pulses,Yes,Urea
29,77,20,No,11434,Wheat,Yes,Compost
25,55,62,No,12400,Cotton,Yes,Compost
25,39,28,Yes,9376,Tomato,No,DAP
34,57,33,Yes,13771,Rice,No,Urea
35,66,10,Yes,17388,Pulses,Yes,DAP
31,40,61,Yes,7338,Sugarcane,No,DAP
25,69,34,No,14765,Maize,Yes,Compost
24,76,13,Yes,9918,Rice,Yes,DAP
25,44,50,Yes,10771,Rice,Yes,Compost
30,47,40,No,6003,Sugarcane,No,DAP
22,68,40,No,5823,Sugarcane,No,Compost
34,56,21,Yes,6570,Groundnut,Yes,Compost
26,46,10,No,10663,Groundnut,Yes,DAP
26,58,48,No,6173,Tomato,Yes,DAP
24,63,59,No,17448,Rice,No,Urea
32,82,10,No,12768,Pulses,Yes,DAP
33,41,42,No,17674,Wheat,No,Urea
26,55,24,Yes,8560,Sugarcane,No,Compost
22,85,33,No,10467,Wheat,No,DAP
33,86,37,No,5517,Cotton,No,Compost
21,44,63,No,14921,Groundnut,Yes,DAP
32,63,54,Yes,14380,Maize,Yes,DAP
32,70,12,No,8743,Maize,Yes,Compost
26,83,69,Yes,14208,Maize,No,DAP
31,66,44,Yes,13816,Rice,No,Urea
27,87,19,Yes,17777,Rice,No,Compost
20,64,64,No,6561,Potato,Yes,DAP
33,56,60,No,9437,Cotton,Yes,DAP
33,76,61,Yes,16816,Tomato,Yes,Urea
24,49,25,No,6080,Rice,No,Compost
33,53,35,Yes,14230,Wheat,Yes,Urea
27,64,34,No,13539,Potato,No,DAP
28,58,46,No,11025,Wheat,Yes,DAP
21,64,70,Yes,11463,Wheat,Yes,DAP
20,45,60,No,7846,Sugarcane,No,Compost
22,42,20,Yes,9520,Potato,No,Compost
23,35,69,Yes,16565,Cotton,No,DAP
33,49,17,Yes,17645,Pulses,No,DAP
35,41,28,Yes,11441,Wheat,Yes,Urea
30,49,63,Yes,7052,Tomato,Yes,DAP
31,86,21,Yes,7017,Pulses,Yes,Urea
30,37,51,No,13621,Sugarcane,No,Urea
21,82,53,No,11214,Tomato,Yes,DAP
34,72,33,No,7926,Wheat,Yes,DAP
22,59,40,No,7534,Groundnut,Yes,DAP
29,37,32,No,13787,Rice,Yes,DAP
28,54,14,No,11028,Potato,No,DAP
30,82,19,No,10111,Maize,No,Compost
28,41,54,Yes,7615,Pulses,Yes,Urea
29,60,14,No,7422,Potato,No,Urea
32,81,57,Yes,11212,Cotton,No,Compost
26,43,41,Yes,17198,Wheat,Yes,Compost
31,63,15,No,15764,Pulses,Yes,Urea
28,48,18,Yes,6202,Pulses,No,DAP
20,56,46,No,13531,Rice,No,Urea
32,69,44,No,6669,Maize,Yes,Urea
28,39,11,No,8774,Wheat,Yes,DAP
24,49,12,No,12238,Tomato,No,Compost
29,49,65,Yes,14621,Sugarcane,Yes,Compost
30,86,58,Yes,7986,Wheat,No,DAP
23,86,28,Yes,17505,Maize,Yes,DAP
34,66,42,No,13301,Wheat,Yes,Urea
27,84,62,No,14031,Groundnut,No,DAP
20,56,27,Yes,12048,Wheat,Yes,Urea
26,83,59,No,12023,Soybean,Yes,Compost
25,68,62,No,8849,Pulses,No,Compost
29,87,69,Yes,8878,Pulses,Yes,DAP
29,37,44,Yes,6779,Soybean,Yes,Compost
30,35,44,Yes,14669,Cotton,No,DAP
33,55,20,Yes,13186,Wheat,No,Compost
35,78,60,Yes,15377,Maize,No,DAP
29,43,19,Yes,14021,Groundnut,No,Urea
26,69,66,Yes,5531,Groundnut,No,DAP
32,50,58,Yes,9956,Soybean,No,DAP
27,75,19,No,7331,Tomato,Yes,DAP
30,68,57,No,12651,Groundnut,No,DAP
24,68,52,Yes,13707,Maize,No,Urea
25,69,34,Yes,12688,Pulses,No,Compost
28,54,60,No,6535,Potato,No,Compost
35,86,45,No,8838,Tomato,No,DAP
26,85,25,No,9791,Maize,No,Compost
27,42,24,No,17815,Potato,No,DAP
21,36,63,No,16790,Pulses,No,Compost
26,37,18,No,5969,Maize,Yes,DAP
25,54,27,Yes,8963,Cotton,No,Compost
22,60,55,Yes,12223,Soybean,No,Urea
31,37,23,No,12333,Sugarcane,No,Urea
22,87,40,Yes,13809,Potato,No,Compost
22,90,33,Yes,8566,Rice,Yes,DAP
21,62,49,Yes,11918,Soybean,No,Compost
29,43,33,No,12925,Cotton,No,DAP
21,52,31,No,8894,Pulses,Yes,Compost
24,58,20,Yes,17597,Rice,Yes,DAP
26,53,20,Yes,7518,Potato,No,Urea
30,66,61,No,6083,Maize,No,Compost
28,67,19,No,10101,Wheat,Yes,Urea
22,78,41,No,14583,Sugarcane,No,DAP
33,71,44,Yes,10662,Cotton,Yes,Compost
20,58,63,Yes,6471,Tomato,No,Compost
29,65,30,Yes,14401,Wheat,No,Compost
27,87,70,Yes,5654,Pulses,No,DAP
35,73,16,No,13197,Pulses,Yes,Compost
31,63,37,No,15182,Potato,No,DAP
22,76,45,Yes,15642,Tomato,No,DAP
27,82,50,No,8246,Sugarcane,Yes,DAP
28,68,48,Yes,15039,Pulses,No,DAP
20,71,24,Yes,11431,Rice,No,Compost
24,56,11,Yes,15921,Cotton,No,DAP
26,74,50,Yes,16516,Pulses,No,DAP
34,60,26,No,14224,Sugarcane,Yes,DAP
29,47,55,No,9810,Rice,Yes,DAP
24,89,57,Yes,15792,Wheat,No,Urea
24,78,20,Yes,17842,Wheat,Yes,Urea
33,48,16,Yes,17527,Rice,Yes,Urea
20,75,34,No,10821,Cotton,Yes,DAP
26,77,24,Yes,7987,Pulses,Yes,Compost
32,62,16,Yes,13336,Groundnut,No,DAP
25,60,32,No,8249,Cotton,No,DAP
23,88,52,No,9888,Maize,No,Compost
21,72,64,Yes,17615,Maize,No,DAP
23,64,52,No,5175,Potato,Yes,Urea
30,39,70,Yes,9846,Wheat,No,DAP
30,88,26,Yes,9659,Groundnut,Yes,DAP
34,46,12,No,11413,Potato,Yes,Urea
30,37,48,Yes,6577,Tomato,No,Urea
34,35,35,Yes,6918,Wheat,Yes,DAP
26,62,26,Yes,17030,Tomato,Yes,Urea
31,82,53,No,14149,Wheat,Yes,DAP
31,46,69,Yes,12015,Wheat,No,Urea
35,36,15,No,8156,Sugarcane,No,Compost
20,86,20,Yes,12203,Maize,Yes,Urea
20,47,63,No,8968,Rice,No,DAP
30,71,19,No,17027,Wheat,No,DAP
29,63,28,Yes,17690,Potato,Yes,DAP
35,40,44,Yes,9370,Soybean,No,Compost
22,55,36,Yes,12138,Soybean,No,DAP
20,75,58,No,7439,Potato,Yes,Compost
24,52,17,Yes,13210,Wheat,Yes,Compost
35,61,36,No,14372,Maize,Yes,DAP
22,42,29,Yes,5622,Pulses,No,DAP
20,60,18,No,10497,Potato,No,Compost
27,49,14,No,6452,Soybean,No,DAP
33,88,43,No,12255,Sugarcane,Yes,Compost
28,80,59,No,8494,Potato,Yes,DAP
30,89,10,No,9835,Tomato,Yes,Compost
26,90,28,No,13477,Sugarcane,No,DAP
27,36,39,Yes,12415,Rice,Yes,Compost
22,88,27,No,9436,Sugarcane,No,Urea
30,53,55,Yes,11018,Tomato,Yes,Urea
31,66,22,No,15306,Tomato,No,DAP
35,51,42,Yes,15683,Sugarcane,No,DAP
28,66,70,Yes,8446,Groundnut,Yes,DAP
31,37,54,No,15751,Maize,No,DAP
25,50,18,Yes,17911,Wheat,Yes,Urea
33,64,37,No,6138,Soybean,Yes,Urea
34,37,48,No,9595,Rice,Yes,Compost
33,71,50,No,17860,Wheat,Yes,DAP
30,64,15,No,6728,Rice,No,Urea
35,46,23,Yes,12887,Pulses,Yes,Urea
25,41,58,Yes,9067,Sugarcane,No,Compost
26,79,54,Yes,5975,Groundnut,No,DAP
20,58,49,Yes,7811,Cotton,No,DAP
20,50,43,Yes,5541,Maize,Yes,DAP
22,83,66,No,6964,Wheat,No,Urea
31,70,18,No,10390,Tomato,Yes,DAP
25,70,39,No,11066,Cotton,Yes,DAP
31,83,48,No,6964,Wheat,Yes,DAP
24,51,20,No,17798,Tomato,No,DAP
27,80,31,No,5085,Wheat,Yes,DAP
20,60,46,Yes,15727,Soybean,Yes,DAP
20,38,12,Yes,5726,Pulses,Yes,Compost
24,77,70,Yes,12742,Maize,Yes,DAP
24,73,56,No,10667,Groundnut,Yes,DAP
23,90,26,Yes,11682,Sugarcane,No,DAP
28,58,21,Yes,16594,Tomato,Yes,DAP
21,45,25,No,17367,Soybean,No,Compost
29,77,13,Yes,15628,Pulses,No,Urea
24,84,19,Yes,5176,Soybean,Yes,DAP
31,49,47,Yes,14517,Rice,No,DAP
25,38,70,Yes,14107,Wheat,Yes,Urea
20,47,45,No,16449,Maize,Yes,DAP
29,64,63,No,7497,Cotton,Yes,DAP
21,36,19,No,11545,Maize,Yes,Urea
30,68,10,Yes,14123,Tomato,No,DAP
29,39,10,No,14056,Tomato,Yes,DAP
33,88,14,No,13384,Tomato,Yes,DAP
33,73,68,No,6087,Groundnut,No,Urea
35,67,17,No,13897,Pulses,No,Urea
31,71,22,No,8815,Maize,Yes,Urea
29,81,12,Yes,8197,Groundnut,No,Compost
22,51,22,No,11942,Pulses,Yes,Urea
32,36,70,No,15587,Groundnut,Yes,DAP
23,35,63,Yes,10043,Wheat,No,Compost
28,69,28,No,15387,Rice,No,Compost
31,80,65,Yes,7871,Potato,No,Urea
27,54,16,Yes,17208,Potato,Yes,Compost
25,36,53,No,15657,Tomato,Yes,DAP
30,77,54,Yes,8704,Groundnut,Yes,Compost
24,50,49,Yes,16120,Groundnut,Yes,DAP
31,76,45,No,17290,Sugarcane,No,DAP
30,54,17,No,9419,Groundnut,No,DAP
34,66,36,Yes,6640,Pulses,No,DAP
26,89,51,Yes,9416,Sugarcane,Yes,DAP
22,51,69,No,16709,Rice,No,Urea
22,65,15,Yes,12707,Potato,Yes,Urea
35,52,54,No,10655,Maize,Yes,DAP
23,36,48,Yes,12873,Sugarcane,No,DAP
22,61,11,Yes,6397,Groundnut,No,DAP
27,56,21,No,11868,Sugarcane,Yes,Urea
28,52,18,No,11891,Soybean,No,DAP
31,44,62,Yes,13477,Cotton,No,DAP
25,58,46,Yes,13598,Cotton,Yes,DAP
32,55,38,Yes,7999,Potato,Yes,DAP
20,71,52,Yes,13142,Maize,No,DAP
24,43,65,Yes,13794,Sugarcane,No,Urea
23,50,39,No,9052,Rice,No,Compost
35,66,64,No,13336,Cotton,Yes,DAP
26,80,20,Yes,12092,Sugarcane,Yes,Compost
30,80,38,Yes,14514,Wheat,No,DAP
22,52,11,No,12162,Cotton,Yes,Compost
21,58,51,Yes,5798,Rice,No,DAP
34,41,33,No,13258,Sugarcane,Yes,DAP
30,83,55,Yes,7492,Cotton,No,Compost
29,38,37,Yes,12590,Soybean,Yes,Compost
35,89,50,Yes,10689,Rice,No,Compost
20,85,57,No,15808,Tomato,Yes,DAP
35,40,57,Yes,12957,Pulses,No,DAP
35,89,43,Yes,8387,Pulses,No,Urea
31,51,35,No,7862,Groundnut,No,DAP
33,67,22,No,11101,Cotton,Yes,Compost
32,76,33,No,12949,Soybean,No,DAP
35,72,67,Yes,6453,Potato,Yes,Urea
20,83,34,No,16309,Soybean,Yes,Urea
35,90,51,Yes,12412,Sugarcane,No,DAP
34,81,51,Yes,11353,Potato,Yes,DAP
33,66,62,No,6389,Cotton,No,DAP
26,70,10,Yes,17938,Soybean,Yes,Urea
24,89,22,Yes,8813,Wheat,Yes,Compost
35,40,69,Yes,8359,Sugarcane,No,DAP
34,65,47,Yes,13773,Tomato,Yes,DAP
33,66,51,Yes,11298,Pulses,Yes,Urea
34,84,14,No,12724,Tomato,Yes,DAP
35,53,24,Yes,10816,Rice,No,DAP
34,74,66,Yes,14560,Potato,No,DAP
24,54,43,Yes,6875,Rice,No,Compost
26,80,31,Yes,10579,Pulses,Yes,DAP
25,63,62,Yes,9642,Rice,Yes,Urea
30,74,44,Yes,15544,Potato,No,DAP
33,86,58,Yes,10718,Tomato,Yes,Compost
20,79,50,No,9265,Pulses,Yes,Compost
26,73,46,No,13609,Potato,Yes,Urea
21,79,24,No,6059,Sugarcane,No,DAP
20,86,27,No,6765,Wheat,No,DAP
20,57,41,No,7121,Maize,Yes,Urea
30,59,56,Yes,6708,Wheat,Yes,DAP
25,73,22,Yes,6335,Groundnut,Yes,DAP
25,87,65,Yes,6219,Cotton,Yes,Urea
28,38,51,Yes,14304,Wheat,Yes,DAP
31,46,17,Yes,5334,Groundnut,Yes,DAP
26,65,62,No,17756,Sugarcane,No,Compost
21,74,15,No,14919,Rice,Yes,DAP
33,72,34,No,6896,Soybean,No,Compost
29,83,22,No,8219,Sugarcane,Yes,Urea
32,44,28,Yes,17237,Sugarcane,No,Compost
24,89,20,Yes,13044,Soybean,Yes,DAP
33,90,60,No,10855,Maize,Yes,Compost
33,48,10,Yes,14544,Potato,No,Urea
29,42,45,No,15919,Rice,No,DAP
24,59,66,No,15623,Wheat,No,DAP
28,66,31,No,16631,Soybean,No,Compost
31,41,17,Yes,6634,Cotton,No,Urea
22,37,11,No,11298,Groundnut,Yes,DAP
28,80,48,No,8414,Cotton,No,Urea
28,63,15,Yes,11097,Sugarcane,Yes,Compost
32,42,55,No,17798,Cotton,No,DAP
31,37,63,Yes,14674,Wheat,Yes,Urea
32,74,16,Yes,6658,Cotton,No,Urea
23,54,62,Yes,13719,Potato,No,Urea
27,86,35,Yes,5887,Maize,No,DAP
29,67,44,Yes,12518,Rice,Yes,DAP
35,41,59,No,9046,Tomato,Yes,DAP
35,66,24,Yes,10303,Soybean,No,Compost
21,61,33,Yes,5705,Cotton,Yes,Urea
34,46,57,No,7227,Wheat,Yes,DAP
23,39,65,No,6710,Soybean,No,Urea
21,90,16,Yes,7249,Groundnut,Yes,DAP
27,35,41,No,5167,Groundnut,Yes,DAP
23,83,59,No,11610,Soybean,Yes,DAP
26,79,25,No,6820,Tomato,Yes,Urea
29,42,59,No,10634,Soybean,Yes,Compost
30,45,35,No,17754,Soybean,Yes,DAP
30,58,54,Yes,9246,Pulses,Yes,DAP
21,86,68,Yes,17080,Soybean,Yes,Urea
21,64,15,No,13675,Wheat,Yes,Urea
31,80,49,No,9411,Rice,No,DAP
28,77,51,No,9198,Maize,No,Urea
34,44,46,Yes,12000,Rice,No,DAP
24,48,14,Yes,8606,Groundnut,Yes,Compost
21,67,65,No,13145,Cotton,No,Urea
20,74,27,Yes,14696,Pulses,Yes,DAP
29,85,19,No,11788,Sugarcane,Yes,Urea
23,35,22,Yes,7395,Wheat,Yes,Compost
34,86,15,No,13302,Pulses,No,DAP
20,78,64,Yes,12907,Pulses,Yes,DAP
20,45,14,No,10988,Potato,Yes,DAP
33,51,52,Yes,16254,Potato,No,Compost
29,59,10,Yes,14687,Maize,No,Urea
33,67,56,No,12254,Rice,No,Compost
32,40,52,No,11061,Groundnut,Yes,Compost
20,77,41,No,6636,Maize,Yes,DAP
35,71,47,No,8427,Potato,Yes,Compost
27,90,31,Yes,14046,Rice,Yes,Compost
25,80,22,No,16576,Soybean,Yes,Compost
24,72,21,No,6155,Wheat,No,Urea
29,66,50,Yes,12823,Rice,No,DAP
26,58,44,Yes,16493,Potato,Yes,Urea
22,38,21,Yes,11952,Potato,Yes,DAP
24,56,49,No,14055,Sugarcane,Yes,Urea
35,73,64,Yes,7532,Soybean,No,Urea
22,83,20,No,5830,Pulses,Yes,DAP
35,55,49,Yes,7815,Soybean,Yes,DAP
34,85,11,Yes,17014,Groundnut,Yes,Compost
30,90,26,Yes,8443,Rice,No,DAP
21,79,49,No,10448,Potato,No,DAP
26,69,14,No,9770,Tomato,No,Urea
21,49,53,No,15210,Pulses,No,DAP
23,48,17,No,11759,Pulses,Yes,DAP
27,51,45,No,13878,Cotton,No,Compost
29,53,56,Yes,12727,Wheat,Yes,DAP
27,36,17,Yes,7971,Wheat,No,DAP
35,67,63,No,8188,Cotton,No,DAP
31,38,26,No,15333,Soybean,Yes,DAP
33,61,69,No,6815,Sugarcane,No,DAP
35,49,15,No,17286,Wheat,No,DAP
27,73,14,Yes,17720,Tomato,No,DAP
31,42,49,No,8800,Rice,No,Urea
28,36,55,Yes,12940,Groundnut,No,Urea
33,79,43,Yes,15227,Sugarcane,Yes,DAP
24,37,58,No,17426,Wheat,No,Compost
20,65,47,No,13801,Wheat,Yes,DAP
24,49,36,No,16507,Groundnut,Yes,Urea
22,58,15,Yes,11137,Wheat,No,DAP
34,84,45,Yes,7099,Pulses,No,DAP
21,80,49,No,15351,Potato,No,DAP
35,50,37,No,6498,Tomato,No,Urea
23,50,10,No,10663,Maize,No,Urea
24,85,30,Yes,15434,Pulses,Yes,Urea
22,43,24,Yes,16383,Tomato,No,Compost
21,54,15,No,11128,Potato,Yes,DAP
25,49,35,No,9725,Pulses,Yes,Compost
33,72,43,Yes,12494,Groundnut,Yes,DAP
20,54,16,Yes,14342,Potato,No,DAP
28,64,27,Yes,14222,Groundnut,No,Urea
21,65,27,Yes,17333,Sugarcane,No,DAP
33,73,21,Yes,17280,Groundnut,Yes,DAP
32,42,45,No,11922,Groundnut,No,Urea
20,83,69,Yes,17642,Soybean,No,DAP
34,78,27,Yes,12913,Wheat,Yes,DAP
22,72,23,No,7484,Rice,No,DAP
22,63,50,No,17611,Groundnut,Yes,DAP
23,71,64,No,9066,Rice,Yes,Urea
26,48,30,Yes,6519,Pulses,Yes,Urea
31,51,64,No,17007,Potato,No,Urea
26,49,49,Yes,7526,Rice,Yes,DAP
32,68,56,No,15073,Potato,Yes,Urea
24,44,49,No,8480,Rice,No,DAP
26,50,69,No,16208,Sugarcane,No,Urea
23,52,22,Yes,6360,Wheat,No,Urea
34,49,59,No,6174,Cotton,Yes,DAP
30,68,10,Yes,13177,Tomato,Yes,Compost
29,73,66,Yes,9909,Tomato,No,Compost
35,87,30,No,5897,Groundnut,Yes,DAP
34,37,56,No,6871,Groundnut,No,DAP
35,88,29,No,11238,Potato,No,Compost
27,67,24,Yes,16255,Wheat,No,Compost
22,56,35,No,15349,Tomato,No,DAP
22,87,64,Yes,9974,Potato,Yes,DAP
24,84,37,Yes,8349,Tomato,No,Urea
21,53,49,No,5579,Cotton,Yes,Compost
29,57,44,No,7536,Sugarcane,Yes,Compost
30,77,11,Yes,16786,Sugarcane,No,Compost
24,51,51,No,16740,Wheat,No,Urea
34,67,37,Yes,7667,Potato,Yes,DAP
34,64,13,No,10058,Groundnut,Yes,Compost
23,66,34,Yes,14478,Groundnut,No,Compost
21,46,66,Yes,10596,Potato,No,Compost
28,51,40,No,16917,Tomato,No,DAP
33,88,30,No,10052,Cotton,Yes,DAP
35,89,57,No,14545,Pulses,Yes,DAP
23,48,10,No,5661,Soybean,No,DAP
32,50,36,Yes,11062,Wheat,No,Compost
31,48,26,No,16360,Pulses,Yes,Compost
33,64,20,No,16717,Pulses,Yes,Compost
21,87,26,No,16640,Tomato,Yes,Urea
22,38,27,No,8959,Wheat,No,Compost
34,57,26,No,6088,Pulses,Yes,DAP
35,78,52,Yes,11542,Rice,Yes,Compost
20,62,64,Yes,14542,Cotton,No,Urea
32,82,62,Yes,16333,Maize,Yes,DAP
20,69,38,No,14437,Soybean,Yes,DAP
32,51,14,Yes,14738,Groundnut,Yes,DAP
28,83,16,No,14365,Pulses,Yes,Urea
22,73,51,No,13650,Pulses,Yes,DAP
22,81,23,No,13752,Sugarcane,Yes,DAP
26,45,26,No,15342,Pulses,Yes,DAP
32,68,43,No,7335,Groundnut,Yes,Compost
32,51,67,Yes,10154,Sugarcane,No,Urea
35,54,50,Yes,12132,Cotton,No,Urea
29,47,27,No,10286,Sugarcane,No,DAP
21,50,50,Yes,7473,Pulses,No,Urea
35,72,31,Yes,6301,Cotton,Yes,Urea
27,51,64,No,8663,Rice,Yes,Compost
30,42,39,Yes,8071,Wheat,No,DAP
33,45,34,No,10370,Pulses,Yes,Compost
32,48,12,No,16028,Rice,No,Urea
24,78,49,Yes,7623,Cotton,No,DAP
34,59,68,Yes,7750,Cotton,Yes,DAP
31,85,55,No,11337,Pulses,No,Urea
21,52,32,Yes,9114,Soybean,No,DAP
30,53,48,No,15731,Pulses,Yes,Urea
31,64,36,Yes,15310,Groundnut,Yes,Urea
23,47,27,No,12003,Soybean,Yes,Compost
22,89,68,Yes,5189,Groundnut,No,DAP
23,49,19,Yes,12992,Potato,Yes,Urea
25,89,35,No,6541,Soybean,Yes,DAP
26,62,16,Yes,6175,Wheat,Yes,Urea
31,60,19,Yes,16958,Tomato,Yes,DAP
25,54,34,No,5320,Pulses,Yes,DAP
25,53,48,No,13688,Soybean,Yes,DAP
34,45,17,Yes,5132,Tomato,Yes,DAP
26,61,64,Yes,9304,Sugarcane,No,DAP
25,79,31,Yes,9587,Soybean,Yes,DAP
22,70,20,No,6860,Potato,No,Compost
28,89,49,Yes,12399,Tomato,No,DAP
23,85,44,No,7410,Maize,Yes,DAP
25,67,43,No,5697,Potato,Yes,Urea
28,83,46,Yes,13551,Cotton,Yes,Urea
26,64,68,Yes,6931,Potato,Yes,DAP
24,55,23,Yes,14105,Groundnut,Yes,Compost
24,40,19,Yes,14177,Rice,Yes,DAP
23,80,16,Yes,12492,Sugarcane,No,Compost
33,51,62,No,5833,Wheat,No,DAP
33,35,36,No,16062,Maize,Yes,DAP
32,88,37,No,7887,Rice,No,Urea
27,46,29,Yes,10067,Groundnut,No,DAP
29,90,12,No,8572,Wheat,No,Compost
26,75,23,No,11864,Rice,Yes,Urea
32,63,22,Yes,11470,Soybean,No,DAP
32,90,51,No,17033,Groundnut,No,DAP
30,90,51,No,14581,Soybean,Yes,Urea
31,78,48,No,12422,Cotton,No,Compost
22,57,55,Yes,5583,Soybean,Yes,DAP
22,77,42,No,16603,Rice,No,DAP
22,36,28,Yes,17606,Rice,No,DAP
34,88,42,No,12462,Pulses,No,DAP
30,71,31,Yes,6075,Cotton,No,DAP
26,45,29,No,10812,Cotton,Yes,DAP
30,45,45,No,14495,Wheat,Yes,DAP
26,38,66,Yes,17640,Rice,No,DAP
34,42,31,No,17802,Sugarcane,Yes,Urea
25,45,45,No,5487,Soybean,Yes,DAP
35,77,47,Yes,14014,Tomato,No,DAP
20,68,37,No,15229,Tomato,No,DAP
32,74,64,Yes,10941,Tomato,No,Urea
24,89,34,No,13549,Rice,Yes,Urea
34,41,28,No,10973,Cotton,No,Urea
24,88,68,Yes,11159,Tomato,No,DAP
32,56,47,Yes,6024,Wheat,No,DAP
31,41,53,No,12679,Potato,No,Urea
20,57,15,Yes,8068,Sugarcane,No,DAP
24,78,54,Yes,5832,Cotton,Yes,DAP
27,75,24,Yes,17529,Potato,No,DAP
31,54,67,Yes,12325,Maize,Yes,DAP
25,64,23,No,14256,Maize,Yes,DAP
23,67,46,Yes,17032,Pulses,Yes,Urea
24,61,54,Yes,9190,Wheat,Yes,Compost
24,83,53,Yes,6614,Pulses,Yes,DAP
26,61,22,No,12632,Potato,No,Compost
29,74,54,No,13535,Tomato,No,DAP
20,84,70,Yes,6350,Sugarcane,No,DAP
32,72,57,Yes,9311,Groundnut,Yes,DAP
20,43,59,No,15012,Rice,Yes,DAP
26,67,70,Yes,5519,Tomato,No,DAP
29,76,15,No,15003,Cotton,Yes,Compost
21,48,47,No,13438,Sugarcane,Yes,DAP
35,47,65,No,14180,Tomato,No,DAP
35,83,69,No,9175,Groundnut,Yes,Compost
30,57,33,Yes,5319,Wheat,No,Compost
29,82,11,Yes,16267,Pulses,No,Urea
27,46,31,Yes,17966,Groundnut,No,DAP
35,39,18,No,15874,Sugarcane,No,DAP
34,69,12,No,10586,Maize,No,DAP
30,77,48,No,8989,Rice,Yes,DAP
21,81,13,Yes,7966,Groundnut,Yes,DAP
27,85,48,No,15596,Cotton,No,Urea
20,56,17,Yes,15858,Potato,Yes,Compost
27,41,66,No,16696,Sugarcane,No,DAP
29,64,19,Yes,7827,Soybean,No,DAP
22,74,21,Yes,6933,Wheat,No,Compost
23,71,57,No,6006,Soybean,Yes,Urea
21,72,25,Yes,16641,Rice,Yes,DAP
28,42,67,Yes,15108,Wheat,No,Urea
23,62,48,No,17007,Sugarcane,No,Urea
34,57,12,Yes,8305,Groundnut,Yes,DAP
33,37,58,No,13424,Potato,No,Compost
22,59,24,No,16688,Groundnut,Yes,Urea
31,63,40,Yes,6623,Soybean,Yes,Urea
30,54,20,No,12845,Sugarcane,No,DAP
26,51,10,No,10255,Potato,Yes,DAP
35,42,49,No,8380,Sugarcane,No,DAP
22,87,61,No,13989,Potato,Yes,DAP
24,46,45,No,15146,Wheat,Yes,DAP
25,36,47,No,17803,Wheat,No,DAP
23,53,38,Yes,15829,Tomato,No,Urea
22,85,59,Yes,12779,Tomato,No,DAP
25,36,54,Yes,13987,Cotton,No,DAP
33,83,20,Yes,17578,Pulses,No,Compost
24,81,60,Yes,10993,Groundnut,Yes,Compost
30,54,39,Yes,6542,Groundnut,Yes,Compost
25,81,19,Yes,11026,Groundnut,No,Urea
25,52,18,No,17226,Pulses,Yes,DAP
32,89,26,No,8868,Tomato,No,DAP
27,54,26,Yes,8283,Pulses,No,DAP
24,65,11,No,17319,Wheat,Yes,DAP
21,39,22,No,14991,Sugarcane,No,DAP
26,49,53,Yes,14158,Sugarcane,No,DAP
26,72,36,Yes,10746,Wheat,No,DAP
30,77,27,No,9763,Cotton,No,Compost
26,71,61,Yes,5105,Wheat,Yes,Compost
23,40,57,Yes,11336,Sugarcane,Yes,Compost
32,50,36,Yes,5543,Cotton,Yes,Compost
21,59,63,No,13166,Cotton,Yes,DAP
27,84,62,No,15346,Potato,Yes,Urea
27,58,35,No,17904,Maize,No,Urea
26,68,30,No,12475,Rice,No,DAP
22,50,48,Yes,8534,Soybean,No,DAP
22,36,38,No,5967,Wheat,Yes,DAP
29,64,32,Yes,15474,Potato,Yes,DAP
20,42,55,Yes,16419,Soybean,Yes,Urea
24,80,31,Yes,10139,Pulses,Yes,Urea
34,75,57,No,10797,Maize,Yes,DAP
30,38,70,Yes,8441,Rice,Yes,Compost
28,35,15,Yes,7264,Potato,No,DAP
32,75,54,No,10382,Maize,Yes,Compost
25,47,47,Yes,7654,Soybean,No,DAP
34,43,70,Yes,16035,Maize,No,Urea
27,40,44,No,11477,Sugarcane,No,DAP
24,50,24,Yes,13646,Groundnut,Yes,Compost
24,78,70,Yes,16759,Rice,Yes,DAP
35,84,68,Yes,12041,Tomato,No,Compost
33,64,70,Yes,15227,Pulses,Yes,DAP
33,83,54,Yes,11212,Pulses,Yes,Compost
20,35,39,Yes,11737,Tomato,No,Compost
35,89,12,Yes,10541,Maize,No,DAP
20,43,23,No,15837,Cotton,Yes,DAP
22,40,42,Yes,5219,Cotton,Yes,DAP
23,68,39,Yes,6956,Maize,Yes,Urea
28,67,53,No,10354,Tomato,Yes,Urea
22,48,65,Yes,11689,Soybean,Yes,DAP
35,56,24,Yes,17484,Soybean,No,DAP
32,40,32,No,9141,Potato,No,Urea
33,54,69,No,10254,Soybean,No,DAP
21,70,35,No,10468,Pulses,No,Urea
28,48,36,No,17306,Maize,No,DAP
26,39,67,No,6891,Groundnut,Yes,DAP
28,36,26,No,8558,Cotton,No,DAP
24,79,43,No,10282,Rice,No,DAP
32,55,10,Yes,8152,Maize,No,Urea
35,38,19,No,17239,Rice,No,DAP
30,76,67,No,8499,Sugarcane,No,Compost
25,42,26,Yes,13125,Rice,No,DAP
35,41,69,No,14188,Cotton,Yes,Compost
33,64,67,Yes,15342,Wheat,No,Compost
21,74,65,Yes,11535,Cotton,No,Urea
24,55,42,No,10670,Tomato,No,Compost
22,38,26,No,15679,Pulses,Yes,Compost
20,39,61,No,14675,Rice,Yes,Urea
22,49,33,Yes,12184,Groundnut,Yes,DAP
26,81,55,No,11480,Pulses,Yes,DAP
27,86,36,No,7023,Sugarcane,Yes,DAP
29,36,64,No,6729,Tomato,No,DAP
21,57,46,Yes,9572,Maize,No,Compost
23,78,20,Yes,17982,Wheat,Yes,DAP
29,37,45,Yes,15788,Potato,No,Compost
34,85,34,No,7536,Cotton,Yes,DAP
26,85,25,Yes,13334,Rice,No,Urea
28,87,60,Yes,5536,Rice,Yes,DAP
24,66,24,Yes,5869,Cotton,Yes,DAP
31,84,25,No,12758,Cotton,Yes,DAP
22,63,59,Yes,13436,Soybean,No,DAP
21,67,31,Yes,15475,Groundnut,No,Urea
35,82,29,No,10460,Pulses,Yes,Urea
25,45,60,Yes,5705,Tomato,No,DAP
34,60,68,Yes,8235,Cotton,Yes,DAP
26,51,14,Yes,11513,Cotton,Yes,DAP
24,70,59,Yes,7488,Groundnut,No,DAP
24,54,53,Yes,11956,Maize,No,DAP
32,55,31,No,13969,Rice,No,Urea
27,59,27,Yes,12647,Potato,No,Compost
25,56,60,No,14368,Soybean,Yes,DAP
21,86,19,Yes,9247,Cotton,Yes,DAP
22,46,47,No,6597,Sugarcane,Yes,DAP
35,85,15,Yes,7606,Soybean,Yes,Compost
22,81,14,Yes,17968,Sugarcane,Yes,Urea
32,77,63,No,6992,Cotton,Yes,DAP
25,59,38,Yes,10586,Tomato,Yes,Compost
33,64,33,Yes,17652,Soybean,No,DAP
33,62,18,No,12429,Pulses,Yes,DAP
34,80,13,No,5908,Wheat,Yes,DAP
34,59,28,Yes,5637,Potato,No,Urea
34,65,56,No,5414,Maize,Yes,DAP
27,76,17,Yes,17079,Cotton,No,Compost
28,35,66,Yes,17391,Groundnut,No,Urea
29,68,24,Yes,11900,Groundnut,Yes,DAP
26,70,17,No,14903,Groundnut,Yes,Compost
31,86,20,No,17683,Tomato,No,DAP
24,57,46,No,16475,Wheat,Yes,Compost
